Threshold,Sensitivity,Specificity,PPV,F1 Score,Note
0.05,0.979446122,0.203083733,0.158849604,0.273364162,
0.1,0.936348526,0.323304518,0.175334275,0.295361213,
0.15,0.844903668,0.449837189,0.190920224,0.311460662,
0.184,0.798183393,0.502317835,0.197709261,0.31691819,Optimal (Youden's J)
0.2,0.770553878,0.530373758,0.201350051,0.319272427,
0.25,0.669113,0.62657089,0.215882355,0.326441691,
0.3,0.566127069,0.719433576,0.236666659,0.333792846,
