AUC,Brier Score,Accuracy,Sensitivity,Specificity,PPV,NPV,F1 Score
0.7171594704956535,0.12393164611098012,0.5417239263947145,0.7981833930285367,0.5023178352363112,0.19770926080823867,0.9418556812280382,0.3169181899617632
